title,detail_title,job_req_id,location,pay,description
Classroom Assistant I,View Job Posting Details,N/A,N/A,N/A,N/A
PAB Vice President: WEST,View Job Posting Details,N/A,N/A,N/A,N/A
Graduate Peer Career Coach,View Job Posting Details,N/A,N/A,N/A,N/A
Arts & Design Success Peer: Online,View Job Posting Details,N/A,N/A,N/A,N/A
PAB President: Polytechnic,View Job Posting Details,N/A,N/A,N/A,N/A
GIS Specialist,View Job Posting Details,N/A,N/A,N/A,N/A
Marketing and Outreach Assistant,View Job Posting Details,N/A,N/A,N/A,N/A
Esports Broadcast Commentator,View Job Posting Details,N/A,N/A,N/A,N/A
Handheld Camera Operator,View Job Posting Details,N/A,N/A,N/A,N/A
Replay Operator,View Job Posting Details,N/A,N/A,N/A,N/A
Videographer,View Job Posting Details,N/A,N/A,N/A,N/A
Administrative Assistant: Hybrid,View Job Posting Details,N/A,N/A,N/A,N/A
Research Aide,View Job Posting Details,N/A,N/A,N/A,N/A
Spring 2025 UGTA: In Person,View Job Posting Details,N/A,N/A,N/A,N/A
UGTA: In Person,View Job Posting Details,N/A,N/A,N/A,N/A
Technical Support Specialist,View Job Posting Details,N/A,N/A,N/A,N/A
PAB VP of Marketing - Downtown,View Job Posting Details,N/A,N/A,N/A,N/A
Office Assistant,View Job Posting Details,N/A,N/A,N/A,N/A
Undergraduate Laboratory Aide,View Job Posting Details,N/A,N/A,N/A,N/A
UGTA: Online,View Job Posting Details,N/A,N/A,N/A,N/A
ASU 101 Section Leader: Online,View Job Posting Details,N/A,N/A,N/A,N/A
PSY 101 Survey Coordinator,View Job Posting Details,N/A,N/A,N/A,N/A
Group Fitness Instructor,View Job Posting Details,N/A,N/A,N/A,N/A
Sports Programs Supervisor,View Job Posting Details,N/A,N/A,N/A,N/A
Intramural Sports Coordinator,View Job Posting Details,N/A,N/A,N/A,N/A
Intramural Sports Manager,View Job Posting Details,N/A,N/A,N/A,N/A
SCAI Research Aide,View Job Posting Details,N/A,N/A,N/A,N/A
Technical Assistant,View Job Posting Details,N/A,N/A,N/A,N/A
Scholarships and Study Abroad Assistant,View Job Posting Details,N/A,N/A,N/A,N/A
TRIO Navigator,View Job Posting Details,N/A,N/A,N/A,N/A
Video Editor,View Job Posting Details,N/A,N/A,N/A,N/A
INSPIRE Ambassador,View Job Posting Details,N/A,N/A,N/A,N/A
StART - Tempe,View Job Posting Details,N/A,N/A,N/A,N/A
StART - Poly,View Job Posting Details,N/A,N/A,N/A,N/A
Office Assistant,View Job Posting Details,N/A,N/A,N/A,N/A
StART - Downtown,View Job Posting Details,N/A,N/A,N/A,N/A
TRIO Office Assistant,View Job Posting Details,N/A,N/A,N/A,N/A
TRIO Tutor - Poly,View Job Posting Details,N/A,N/A,N/A,N/A
Office Aide,View Job Posting Details,N/A,N/A,N/A,N/A
Summer Program Peer Mentor,View Job Posting Details,N/A,N/A,N/A,N/A
Lifeguard,View Job Posting Details,N/A,N/A,N/A,N/A
Instructional Aide,View Job Posting Details,N/A,N/A,N/A,N/A
Communications and Research Specialist,View Job Posting Details,N/A,N/A,N/A,N/A
Instructional Aide - Science,View Job Posting Details,N/A,N/A,N/A,N/A
PAB VP of Programs: DPC,View Job Posting Details,N/A,N/A,N/A,N/A
PAB VP of Finance: DPC,View Job Posting Details,N/A,N/A,N/A,N/A
PAB Marketing Coordinator - DPC,View Job Posting Details,N/A,N/A,N/A,N/A
PAB Event Coordinator - DPC,View Job Posting Details,N/A,N/A,N/A,N/A
Student Ambassador - Arabic International Sales and Marketing Assistant,View Job Posting Details,N/A,N/A,N/A,N/A
Intramural Sports Official,View Job Posting Details,N/A,N/A,N/A,N/A
